medication_id,atc4
161,N02BE
167,S01EC
281,D06BB
281,J05AB
281,S01AD
376,H01AA
435,R03AC
435,R03CC
519,M04AA
596,N05BA
703,C01BD
704,N06AA
723,J01CA
733,J01CA
733,S01AA
1191,A01AD
1191,B01AC
1191,N02BA
1202,C07AB
1223,A03BA
1223,S01FA
1256,L04AX
1291,D06AX
1291,J01XX
1291,R02AB
1291,S01AA
1292,M03BX
1347,A07EA
1347,D07AC
1347,R01AD
1347,R03BA
1418,D10AE
1424,N04AC
1514,A07EA
1514,C05AA
1514,D07AC
1514,D07XC
1514,H02AB
1514,R01AD
1514,R03BA
1514,S01BA
1514,S01CB
1514,S02BA
1514,S03BA
1520,C07AB
1520,S01ED
1760,G02CB
1760,N04BC
1808,C03CA
1819,N02AE
1819,N07BC
1827,N05BE
1886,D11AX
1886,N06BC
1992,M02AB
1992,N01BX
1998,C09AA
2002,N03AF
2101,M03BA
2180,J01DB
2194,J01DC
2194,S01AA
2231,J01DB
2358,A01AB
2358,B05CA
2358,D08AC
2358,D09AA
2358,R02AA
2358,S01AX
2358,S02AA
2358,S03AA
2396,C03AA
2400,R06AB
2403,N05AA
2404,A10BB
2409,C03BA
2418,A11CC
2447,C10AC
2541,A02BA
2551,J01MA
2551,S01AE
2551,S02AA
2551,S03AA
2555,L01XA
2556,N06AB
2582,D10AF
2582,G01AA
2582,J01FF
2590,D07AD
2590,S01BA
2598,N03AE
2599,C02AC
2599,N02CX
2599,S01EA
2623,A01AB
2623,D01AC
2623,G01AF
2626,N05AH
2670,R05DA
2683,M04AC
2685,C10AC
3008,L04AD
3008,S01XA
3013,R06AX
3247,N06AA
3264,A01AC
3264,C05AA
3264,D07AB
3264,D07XB
3264,D10AA
3264,H02AB
3264,R01AD
3264,S01BA
3264,S01CB
3264,S02BA
3264,S03BA
3288,N06BA
3289,R05DA
3322,N05BA
3355,D11AX
3355,M01AB
3355,M02AA
3355,S01BC
3361,A03AA
3364,J05AF
3407,C01AA
3423,N02AA
3443,C05AE
3443,C08DB
3498,D04AA
3498,R06AA
3500,A07DA
3521,B01AC
3626,A03FA
3638,D04AX
3638,N06AA
3640,A01AB
3640,J01AA
3642,R06AA
3743,D01AC
3743,G01AF
3827,C09AA
3992,A01AD
3992,B02BC
3992,C01CA
3992,R01AA
3992,R03AA
3992,S01EA
3995,L01DB
4053,D10AF
4053,J01FA
4053,S01AA
4083,G03CA
4099,G03CA
4124,G03CA
4124,L02AA
4278,A02BA
4316,C08CA
4337,N01AH
4337,N02AB
4441,C01BC
4450,D01AC
4450,J02AC
4452,H02AA
4462,C05AA
4462,D07AC
4493,N06AB
4496,N05AB
4603,C03CA
4637,N06DA
4719,C10AB
4815,A10BB
4816,A10BB
4821,A10BB
4917,C01DA
4917,C05AE
5032,R05CA
5093,N05AD
5224,B01AB
5224,C05BA
5224,S01XA
5470,C02DB
5487,C03AA
5489,R05DA
5492,A01AC
5492,A07EA
5492,C05AA
5492,D07AA
5492,D07AB
5492,D07AC
5492,D07XA
5492,H02AB
5492,S01BA
5492,S01CB
5492,S02BA
5521,P01BA
5552,L01XX
5553,N05BB
5640,C01EB
5640,G02CC
5640,M01AE
5640,M02AA
5640,R02AX
5691,N06AA
5764,C03BA
5781,C01EB
5781,M01AB
5781,M02AA
5781,S01BC
6026,N01AB
6038,J04AC
6057,C01DA
6058,C01DA
6058,C05AE
6135,D01AC
6135,G01AF
6135,H02CA
6135,J02AB
6185,C07AG
6218,A06AD
6313,V03AF
6373,G03AC
6373,G03AD
6375,N04BA
6387,C01BB
6387,C05AD
6387,D04AB
6387,N01BB
6387,R02AD
6387,S01HA
6387,S02DA
6448,N05AN
6468,A07DA
6470,N05BA
6472,C10AA
6676,R06AE
6691,G03AC
6691,G03DA
6691,L02AB
6711,N05CH
6719,N06DX
6754,N02AB
6809,A10BA
6813,N07BC
6832,J01XX
6845,M03BA
6851,L01BA
6851,L04AX
6860,C03AA
6876,C02AB
6878,V03AB
6878,V04CG
6901,N06BA
6902,D07AA
6902,D07AC
6902,D10AA
6902,H02AB
6904,G03BA
6904,G03EK
6915,A03FA
6916,C03BA
6918,C07AB
6922,A01AB
6922,D06BX
6922,G01AF
6922,J01XD
6922,P01AB
6960,N05CD
6980,A01AB
6980,D10AF
6980,J01AA
6984,C02DC
6984,D11AX
7052,N02AA
7213,R01AX
7213,R03BB
7226,C07AA
7242,A06AH
7242,V03AB
7258,G02CC
7258,M01AE
7258,M02AA
7299,A01AB
7299,A07AA
7299,B05CA
7299,D06AX
7299,J01GB
7299,R02AB
7299,S01AA
7299,S02AA
7299,S03AA
7393,C04AC
7393,C10AD
7407,N07BA
7417,C08CA
7435,C08CA
7454,J01XE
7514,G03AC
7514,G03DC
7531,N06AA
7597,A07AA
7597,D01AA
7597,G01AA
7646,A02BC
7715,M03BC
7715,N04AB
7804,N02AA
7806,V03AN
7814,N02AA
7984,J01CE
8013,C04AD
8076,N05AB
8120,G04BX
8134,N03AA
8152,A08AA
8163,C01CA
8163,C05AX
8163,R01AA
8163,R01AB
8163,R01BA
8163,S01FB
8163,S01GA
8183,N03AB
8328,N07AX
8328,S01EB
8339,J01CA
8356,M01AC
8356,M02AA
8356,S01BC
8536,A07AA
8536,J01XB
8536,S01AA
8536,S02AA
8536,S03AA
8591,A12BA
8591,B05XA
8629,C02CA
8638,A01AC
8638,A07EA
8638,C05AA
8638,D07AA
8638,D07XA
8638,H02AB
8638,R01AD
8638,S01BA
8638,S01CB
8638,S02BA
8638,S03BA
8640,A07EA
8640,H02AB
8691,N03AA
8703,C10AB
8727,G03DA
8745,D04AA
8745,R06AD
8754,C01BC
8782,N01AX
8785,N02AC
8787,C07AA
8896,R01BA
9000,N07AA
9071,P01BC
9143,A02BA
9344,J05AP
9524,A07EC
9601,A04AD
9601,N05CM
9601,S01FA
9863,A12CA
9863,B05CB
9863,B05XA
9873,A01AA
9873,A12CD
9947,C07AA
9997,C03DA
10156,A02BX
10180,J01EC
10237,M01AB
10324,L02BA
10355,N05CD
10379,G03BA
10395,A01AB
10395,D06AA
10395,J01AA
10395,S01AA
10395,S02AA
10395,S03AA
10438,R03DA
10510,N05AF
10582,H03AA
10594,B01AC
10600,C07AA
10600,S01ED
10689,N02AX
10737,N06AX
10759,A01AC
10759,C05AA
10759,D07AB
10759,D07XB
10759,H02AB
10759,R01AD
10759,R03BA
10759,S01BA
10763,C03DB
10811,N04AA
10814,H03AA
10829,J01EA
10869,S01FA
11002,B05BC
11002,D02AE
11002,V04CX
11124,A07AA
11124,J01XA
11124,S01AA
11170,C08DA
11248,B03BA
11289,B01AA
11636,G03AC
14584,G03AC
15996,N06AX
16681,A10BF
17128,A02BC
17300,G04CA
17767,C08CA
18603,R01AC
18603,R06AX
18603,S01GX
18631,J01FA
18631,S01AA
18867,C09AA
18993,R05DB
19257,N07AB
19484,C07AB
19831,A07EA
19831,D07AC
19831,R01AD
19831,R03BA
20352,C07AG
20610,R06AE
20610,S01GX
21090,D01AE
21090,G01AX
21107,B01AC
21949,M03BX
22656,G03AC
22968,G03DB
23043,D07AC
23043,S01BA
24305,R05CB
24605,M01AB
24947,B03AA
25025,D11AX
25025,G04CB
25037,J01DD
25120,R01AD
25120,R03BA
25126,C05AA
25126,D07AC
25126,S01BA
25126,S02BA
25255,R03AC
25255,R03CC
25480,N02BF
25789,A10BB
26225,A04AA
26237,A04AA
27084,A03BB
27084,S01FA
27340,N01AB
28439,N03AX
28889,R06AX
29046,C09AA
30009,A10BF
30125,N06BA
30131,C09AA
31448,M01AX
31555,C07AB
31994,G03AA
31994,G03AB
32592,L01XA
32624,N03AF
32675,G04BD
32937,N06AB
32968,B01AC
33055,A06AD
33055,C01DA
33738,A10BG
34905,S01HA
35208,C09AA
35296,C09AA
35619,A07AA
35619,D06AX
35636,N05AX
35827,M01AB
35827,S01BC
35829,C01EB
36108,N02BA
36117,R03AC
36122,G04BX
36437,N06AB
36453,N01AB
36567,C10AA
36676,B05CB
36676,B05XA
37418,N02CC
37617,J01CG
37798,G04CA
37801,D01AE
37801,D01BA
38400,N06BA
38404,N03AX
38413,C03CA
38454,C09AA
39786,N06AX
39993,N05CF
40114,C02AC
40254,N03AG
40790,A02BC
41126,D07AC
41126,R01AD
41126,R03BA
41493,M01AC
42316,D11AH
42316,L04AD
42328,R06AX
42330,R06AX
42331,A02BB
42331,G02AD
42347,N06AX
42355,N06AB
42372,D06AX
42372,R01AX
42375,L02AE
42463,C10AA
42612,A07EB
42612,D11AH
42612,R01AC
42612,R03BC
42612,S01GX
43611,S01EE
46041,M05BA
49247,C01BD
49276,C02CA
50166,C09AA
51272,N05AH
51428,A10AB
51428,A10AD
52175,C09CA
52582,A07EC
54993,A12BA
56795,N01AH
56946,L01CD
57258,M03BX
58939,D03BA
60207,S01EC
60548,A10BJ
60819,B01AE
61381,N05AH
62372,D03AX
62372,M09AX
62372,R01AX
62372,S01KA
67108,B01AB
68139,M03AC
69120,R03BB
69749,C09CA
72143,G03XC
72257,L03AB
72302,N04BC
72625,N06AX
72962,L01CD
72965,L02BG
73032,N01AH
73044,A10BX
73137,B01AC
73178,N05AX
73494,C09CA
73645,J05AB
73689,M04AA
73710,H05BX
75635,B01AC
77492,G04CA
77655,M05BA
82003,A06AA
82122,J01MA
82122,S01AE
83367,C10AA
83818,C09CA
84108,A10BG
84857,L02BG
85762,J05AE
86009,A10AB
86009,A10AC
86009,A10AD
87636,R06AX
88249,R03DC
89013,N05AX
108118,D07AC
108118,D07XC
108118,R01AD
108118,R03BA
114202,G01AD
114477,N03AX
114970,R03DC
114979,A02BC
115264,M05BA
115698,N05AE
119565,G04BD
120608,L03AB
134615,D11AX
134615,S01EA
134615,S01GA
135391,R01AC
135391,S01GX
135447,N06DA
136198,G04BD
136411,G04BE
139825,A10AE
140587,L01XX
140587,M01AH
141626,C10AC
153970,A03BA
155046,C05BA
155046,G04BX
183379,N06DA
187832,N02BF
194881,S01EC
214342,V03AE
214354,C09CA
214555,L04AB
214582,L03AX
214824,V03AE
228476,J01MA
228476,S01AE
228790,G04CB
233698,C01BD
237027,S01BA
253182,A10AB
253182,A10AC
253182,A10AD
253182,A10AE
253182,A10AF
258494,L02BG
274332,A10BX
274783,A10AE
274964,R01AD
274964,R03BA
275635,R06AX
275891,J05AB
276237,J05AF
283742,A02BC
283809,S01EE
283810,S01EE
298869,C03DA
301542,C10AA
306674,G04BE
321064,C09CA
321988,N06AB
322167,G04BD
325646,C09XA
326374,G03AA
327361,L04AB
341248,C10AX
356887,R06AE
358262,J05AE
358263,G04BE
400008,A10AB
407990,H05BX
460132,J05AE
461016,N05CF
475968,A10BJ
588250,N06AX
593411,A10BH
613391,B01AC
623033,A06AX
641465,N06BA
679314,N05AX
720825,G04CA
734064,N06AX
746741,N04BC
797195,G04BD
816346,A02BC
819911,S01AE
857974,A10BH
861634,C10AA
897018,N07XX
1000082,S01GX
1086769,N06AX
1091643,C09CA
1091836,D05AX
1091836,R03DX
1100072,L02BX
1100699,A10BH
1114195,B01AF
1114326,R03AC
1116632,B01AC
1307404,A06AX
1364430,B01AF
1368001,A10BH
1373458,A10BK
1482790,J05AP
1484911,J05AP
1488564,A10BK
