medication_id,name
161,acetaminophen
167,acetazolamide
281,acyclovir
376,corticotropin
435,albuterol
519,allopurinol
596,alprazolam
703,amiodarone
704,amitriptyline
723,amoxicillin
733,ampicillin
1191,aspirin
1202,atenolol
1223,atropine
1256,azathioprine
1291,bacitracin
1292,baclofen
1347,beclomethasone
1418,benzoyl peroxide
1424,benztropine
1514,betamethasone
1520,betaxolol
1760,bromocriptine
1808,bumetanide
1819,buprenorphine
1827,buspirone
1886,caffeine
1992,capsaicin
1998,captopril
2002,carbamazepine
2019,carbidopa
2101,carisoprodol
2180,cefazolin
2194,cefuroxime
2231,cephalexin
2358,chlorhexidine
2396,chlorothiazide
2400,chlorpheniramine
2403,chlorpromazine
2404,chlorpropamide
2409,chlorthalidone
2418,cholecalciferol
2447,cholestyramine resin
2541,cimetidine
2551,ciprofloxacin
2555,cisplatin
2556,citalopram
2582,clindamycin
2590,clobetasol
2598,clonazepam
2599,clonidine
2623,clotrimazole
2626,clozapine
2670,codeine
2683,colchicine
2685,colestipol
3008,cyclosporine
3013,cyproheptadine
3247,desipramine
3264,dexamethasone
3288,dextroamphetamine
3289,dextromethorphan
3322,diazepam
3355,diclofenac
3361,dicyclomine
3364,didanosine
3407,digoxin
3423,hydromorphone
3443,diltiazem
3498,diphenhydramine
3500,diphenoxylate
3521,dipyridamole
3626,domperidone
3638,doxepin
3640,doxycycline
3642,doxylamine
3743,econazole
3822,emollients
3827,enalapril
3992,epinephrine
3995,epirubicin
4053,erythromycin
4083,estradiol
4099,"estrogens, conjugated (usp)"
4124,ethinyl estradiol
4278,famotidine
4301,omega-3 fatty acids
4316,felodipine
4337,fentanyl
4441,flecainide
4450,fluconazole
4452,fludrocortisone
4462,fluocinonide
4493,fluoxetine
4496,fluphenazine
4603,furosemide
4637,galantamine
4719,gemfibrozil
4815,glyburide
4816,gliclazide
4821,glipizide
4917,nitroglycerin
5032,guaifenesin
5093,haloperidol
5224,heparin
5470,hydralazine
5487,hydrochlorothiazide
5489,hydrocodone
5492,hydrocortisone
5521,hydroxychloroquine
5552,hydroxyurea
5553,hydroxyzine
5640,ibuprofen
5691,imipramine
5764,indapamide
5781,indomethacin
5866,insulin zinc
6026,isoflurane
6038,isoniazid
6057,isosorbide
6058,isosorbide dinitrate
6135,ketoconazole
6185,labetalol
6218,lactulose
6313,leucovorin
6373,levonorgestrel
6375,levodopa
6387,lidocaine
6406,lipase
6448,lithium
6468,loperamide
6470,lorazepam
6472,lovastatin
6676,meclizine
6691,medroxyprogesterone
6711,melatonin
6719,memantine
6754,meperidine
6809,metformin
6813,methadone
6832,methenamine
6845,methocarbamol
6851,methotrexate
6860,methyclothiazide
6876,methyldopa
6878,methylene blue
6901,methylphenidate
6902,methylprednisolone
6904,methyltestosterone
6915,metoclopramide
6916,metolazone
6918,metoprolol
6922,metronidazole
6960,midazolam
6980,minocycline
6984,minoxidil
7052,morphine
7213,ipratropium
7226,nadolol
7242,naloxone
7258,naproxen
7299,neomycin
7393,niacin
7407,nicotine
7417,nifedipine
7435,nisoldipine
7454,nitrofurantoin
7514,norethindrone
7531,nortriptyline
7597,nystatin
7646,omeprazole
7715,orphenadrine
7804,oxycodone
7806,oxygen
7814,oxymorphone
7984,penicillin v
7986,penicillin
8013,pentoxifylline
8076,perphenazine
8120,phenazopyridine
8134,phenobarbital
8152,phentermine
8163,phenylephrine
8183,phenytoin
8328,pilocarpine
8339,piperacillin
8356,piroxicam
8536,polymyxin b
8591,potassium chloride
8629,prazosin
8638,prednisolone
8640,prednisone
8691,primidone
8703,fenofibrate
8727,progesterone
8745,promethazine
8754,propafenone
8782,propofol
8785,propoxyphene
8787,propranolol
8825,protamine sulfate (usp)
8896,pseudoephedrine
8928,psyllium
9000,pyridostigmine
9071,quinine
9143,ranitidine
9344,ribavirin
9524,sulfasalazine
9601,scopolamine
9863,sodium chloride
9873,sodium fluoride
9947,sotalol
9997,spironolactone
10156,sucralfate
10180,sulfamethoxazole
10237,sulindac
10324,tamoxifen
10355,temazepam
10379,testosterone
10395,tetracycline
10438,theophylline
10510,thiothixene
10572,thyroid (usp)
10582,levothyroxine
10594,ticlopidine
10600,timolol
10689,tramadol
10737,trazodone
10759,triamcinolone
10763,triamterene
10811,trihexyphenidyl
10814,liothyronine
10829,trimethoprim
10869,tropicamide
11002,urea
11124,vancomycin
11170,verapamil
11248,vitamin b12
11289,warfarin
11636,drospirenone
14584,etonogestrel
15996,mirtazapine
16681,acarbose
17128,lansoprazole
17300,alfuzosin
17767,amlodipine
18603,azelastine
18631,azithromycin
18867,benazepril
18993,benzonatate
19257,bethanechol
19484,bisoprolol
19831,budesonide
19860,butalbital
20352,carvedilol
20610,cetirizine
21090,ciclopirox
21107,cilostazol
21949,cyclobenzaprine
22656,desogestrel
22968,dienogest
23043,difluprednate
24305,erdosteine
24605,etodolac
24947,ferrous sulfate
25025,finasteride
25037,cefdinir
25120,flunisolide
25126,fluocinolone
25255,formoterol
25480,gabapentin
25789,glimepiride
26225,ondansetron
26237,granisetron
27084,homatropine
27340,desflurane
28439,lamotrigine
28889,loratadine
29046,lisinopril
30009,miglitol
30125,modafinil
30131,moexipril
31448,nabumetone
31555,nebivolol
31994,norgestimate
32592,oxaliplatin
32624,oxcarbazepine
32675,oxybutynin
32937,paroxetine
32968,clopidogrel
33055,pentaerythritol
33738,pioglitazone
34905,proparacaine
35208,quinapril
35296,ramipril
35619,rifaximin
35636,risperidone
35827,ketorolac
35829,ranolazine
36108,salsalate
36117,salmeterol
36122,phenyl salicylate
36437,sertraline
36453,sevoflurane
36567,simvastatin
36676,sodium bicarbonate
37418,sumatriptan
37617,tazobactam
37798,terazosin
37801,terbinafine
38400,atomoxetine
38404,topiramate
38413,torsemide
38454,trandolapril
39786,venlafaxine
39993,zolpidem
40114,guanfacine
40254,valproate
40790,pantoprazole
41126,fluticasone
41493,meloxicam
42316,tacrolimus
42328,astemizole
42330,terfenadine
42331,misoprostol
42347,bupropion
42355,fluvoxamine
42372,mupirocin
42375,leuprolide
42463,pravastatin
42612,cromolyn
43611,latanoprost
46041,alendronate
48203,clavulanate
49247,dofetilide
49276,doxazosin
50166,fosinopril
51272,quetiapine
51428,"insulin aspart, human"
52175,losartan
52582,mesalamine
54993,potassium citrate
56795,sufentanil
56946,paclitaxel
57258,tizanidine
58939,collagenase
60207,dorzolamide
60548,exenatide
60819,bivalirudin
61381,olanzapine
62372,hyaluronate
67108,enoxaparin
68139,rocuronium
68149,mycophenolate mofetil
69120,tiotropium
69749,valsartan
72143,raloxifene
72257,interferon beta-1b
72302,ropinirole
72625,duloxetine
72962,docetaxel
72965,letrozole
73032,remifentanil
73044,repaglinide
73056,risedronate
73137,tirofiban
73178,iloperidone
73494,telmisartan
73645,valacyclovir
73689,febuxostat
73710,paricalcitol
75635,eptifibatide
77492,tamsulosin
77655,zoledronic acid
82003,docusate
82122,levofloxacin
83367,atorvastatin
83818,irbesartan
84108,rosiglitazone
84857,anastrozole
85762,ritonavir
86009,insulin lispro
87636,fexofenadine
88249,montelukast
89013,aripiprazole
105694,epoetin alfa
108118,mometasone
114202,lactate
114477,levetiracetam
114970,zafirlukast
114979,rabeprazole
115264,ibandronate
115698,ziprasidone
117466,tenofovir
119565,tolterodine
120608,peginterferon alfa-2a
134615,brimonidine
135391,olopatadine
135447,donepezil
136198,darifenacin
136411,sildenafil
139825,insulin detemir
140587,celecoxib
141626,colesevelam
153970,hyoscyamine
155046,pentosan polysulfate
183379,rivastigmine
187832,pregabalin
194881,brinzolamide
214342,calcium acetate
214354,candesartan
214549,"estrogens, esterified (usp)"
214555,etanercept
214582,glatiramer
214824,sevelamer
221147,polyethylene glycol 3350
228476,gatifloxacin
228790,dutasteride
233698,dronedarone
237027,loteprednol
237159,levalbuterol
253182,"insulin, regular, human"
258494,exemestane
274332,nateglinide
274783,insulin glargine
274964,ciclesonide
275635,desloratadine
275891,valganciclovir
276237,emtricitabine
283742,esomeprazole
283809,travoprost
283810,bimatoprost
298869,eplerenone
301542,rosuvastatin
304962,arformoterol
306674,vardenafil
314684,"insulin lispro protamine, human"
321064,olmesartan
321988,escitalopram
322167,solifenacin
325646,aliskiren
326374,norelgestromin
327361,adalimumab
341248,ezetimibe
352385,"insulin aspart protamine, human"
356887,levocetirizine
358262,fosamprenavir
358263,tadalafil
400008,"insulin glulisine, human"
407990,cinacalcet
460132,darunavir
461016,eszopiclone
475968,liraglutide
588250,milnacipran
593411,sitagliptin
613391,prasugrel
618597,eicosapentaenoate
623033,lubiprostone
641465,armodafinil
679314,paliperidone
720825,silodosin
734064,desvenlafaxine
746741,pramipexole
748794,inert ingredients
797195,fesoterodine
816346,dexlansoprazole
819911,besifloxacin
857974,saxagliptin
861634,pitavastatin
897018,dalfampridine
1000082,alcaftadine
1086769,vilazodone
1091643,azilsartan
1091836,roflumilast
1100072,abiraterone
1100699,linagliptin
1114195,rivaroxaban
1114326,indacaterol
1116632,ticagrelor
1307404,linaclotide
1364430,apixaban
1368001,alogliptin
1373458,canagliflozin
1424884,vilanterol
1482790,simeprevir
1484911,sofosbuvir
1488564,dapagliflozin
1546356,dabigatran
1605101,insulin isophane
